<?xml version="1.0" encoding="UTF-8"?>
<project-private xmlns="http://www.netbeans.org/ns/project-private/1">
    <editor-bookmarks xmlns="http://www.netbeans.org/ns/editor-bookmarks/2" lastBookmarkId="0"/>
    <open-files xmlns="http://www.netbeans.org/ns/projectui-open-files/2">
        <group>
            <file>file:/D:/Terceiro%20semestre/Projeto%20programacao/JogoAapp-master/JogoApp%20B/src/pacote/model/Confederacao.java</file>
            <file>file:/D:/Terceiro%20semestre/Projeto%20programacao/JogoAapp-master/JogoApp%20B/src/pacote/util/Leitor.java</file>
            <file>file:/D:/Terceiro%20semestre/Projeto%20programacao/JogoAapp-master/JogoApp%20B/src/pacote/model/Liga.java</file>
            <file>file:/D:/Terceiro%20semestre/Projeto%20programacao/JogoAapp-master/JogoApp%20B/src/pacote/model/Jogo.java</file>
            <file>file:/D:/Terceiro%20semestre/Projeto%20programacao/JogoAapp-master/JogoApp%20B/src/pacote/model/Jogador.java</file>
            <file>file:/D:/Terceiro%20semestre/Projeto%20programacao/JogoAapp-master/JogoApp%20B/src/pacote/model/Time.java</file>
        </group>
    </open-files>
</project-private>
